{
	"credit": "Made with Blockbench",
	"texture_size": [64, 64],
	"textures": {
		"0": "block/gold",
		"1": "block/texture",
		"particle": "block/gold"
	},
	"elements": [
		{
			"name": "Arm1",
			"from": [1, 15, 8],
			"to": [3, 16, 9],
			"faces": {
				"north": {"uv": [0.25, 4, 0.75, 4.25], "texture": "#1"},
				"east": {"uv": [0, 4, 0.25, 4.25], "texture": "#1"},
				"south": {"uv": [1, 4, 1.5, 4.25], "texture": "#1"},
				"west": {"uv": [0.75, 4, 1, 4.25], "texture": "#1"},
				"up": {"uv": [0.75, 4, 0.25, 3.75], "texture": "#1"},
				"down": {"uv": [1.25, 3.75, 0.75, 4], "texture": "#1"}
			}
		},
		{
			"name": "Arm1",
			"from": [3, 14, 8],
			"to": [4, 15, 9],
			"faces": {
				"north": {"uv": [0.25, 5.25, 0.5, 5.5], "texture": "#1"},
				"east": {"uv": [0, 5.25, 0.25, 5.5], "texture": "#1"},
				"south": {"uv": [0.75, 5.25, 1, 5.5], "texture": "#1"},
				"west": {"uv": [0.5, 5.25, 0.75, 5.5], "texture": "#1"},
				"up": {"uv": [0.5, 5.25, 0.25, 5], "texture": "#1"},
				"down": {"uv": [0.75, 5, 0.5, 5.25], "texture": "#1"}
			}
		},
		{
			"name": "Arm1",
			"from": [0, 9, 8],
			"to": [1, 15, 9],
			"faces": {
				"north": {"uv": [1.25, 0.25, 1.5, 1.75], "texture": "#1"},
				"east": {"uv": [1, 0.25, 1.25, 1.75], "texture": "#1"},
				"south": {"uv": [1.75, 0.25, 2, 1.75], "texture": "#1"},
				"west": {"uv": [1.5, 0.25, 1.75, 1.75], "texture": "#1"},
				"up": {"uv": [1.5, 0.25, 1.25, 0], "texture": "#1"},
				"down": {"uv": [1.75, 0, 1.5, 0.25], "texture": "#1"}
			}
		},
		{
			"name": "Arm1",
			"from": [1, 8, 8],
			"to": [2, 9, 9],
			"faces": {
				"north": {"uv": [1.25, 4.5, 1.5, 4.75], "texture": "#1"},
				"east": {"uv": [1, 4.5, 1.25, 4.75], "texture": "#1"},
				"south": {"uv": [1.75, 4.5, 2, 4.75], "texture": "#1"},
				"west": {"uv": [1.5, 4.5, 1.75, 4.75], "texture": "#1"},
				"up": {"uv": [1.5, 4.5, 1.25, 4.25], "texture": "#1"},
				"down": {"uv": [1.75, 4.25, 1.5, 4.5], "texture": "#1"}
			}
		},
		{
			"name": "Arm1",
			"from": [2, 7, 8],
			"to": [4, 8, 9],
			"faces": {
				"north": {"uv": [0.25, 3.5, 0.75, 3.75], "texture": "#1"},
				"east": {"uv": [0, 3.5, 0.25, 3.75], "texture": "#1"},
				"south": {"uv": [1, 3.5, 1.5, 3.75], "texture": "#1"},
				"west": {"uv": [0.75, 3.5, 1, 3.75], "texture": "#1"},
				"up": {"uv": [0.75, 3.5, 0.25, 3.25], "texture": "#1"},
				"down": {"uv": [1.25, 3.25, 0.75, 3.5], "texture": "#1"}
			}
		},
		{
			"name": "Arm2",
			"from": [13, 15, 8],
			"to": [15, 16, 9],
			"faces": {
				"north": {"uv": [0.25, 3, 0.75, 3.25], "texture": "#1"},
				"east": {"uv": [0, 3, 0.25, 3.25], "texture": "#1"},
				"south": {"uv": [1, 3, 1.5, 3.25], "texture": "#1"},
				"west": {"uv": [0.75, 3, 1, 3.25], "texture": "#1"},
				"up": {"uv": [0.75, 3, 0.25, 2.75], "texture": "#1"},
				"down": {"uv": [1.25, 2.75, 0.75, 3], "texture": "#1"}
			}
		},
		{
			"name": "Arm2",
			"from": [12, 14, 8],
			"to": [13, 15, 9],
			"faces": {
				"north": {"uv": [0.25, 4.5, 0.5, 4.75], "texture": "#1"},
				"east": {"uv": [0, 4.5, 0.25, 4.75], "texture": "#1"},
				"south": {"uv": [0.75, 4.5, 1, 4.75], "texture": "#1"},
				"west": {"uv": [0.5, 4.5, 0.75, 4.75], "texture": "#1"},
				"up": {"uv": [0.5, 4.5, 0.25, 4.25], "texture": "#1"},
				"down": {"uv": [0.75, 4.25, 0.5, 4.5], "texture": "#1"}
			}
		},
		{
			"name": "Arm2",
			"from": [15, 9, 8],
			"to": [16, 15, 9],
			"faces": {
				"north": {"uv": [0.25, 0.25, 0.5, 1.75], "texture": "#1"},
				"east": {"uv": [0, 0.25, 0.25, 1.75], "texture": "#1"},
				"south": {"uv": [0.75, 0.25, 1, 1.75], "texture": "#1"},
				"west": {"uv": [0.5, 0.25, 0.75, 1.75], "texture": "#1"},
				"up": {"uv": [0.5, 0.25, 0.25, 0], "texture": "#1"},
				"down": {"uv": [0.75, 0, 0.5, 0.25], "texture": "#1"}
			}
		},
		{
			"name": "Arm2",
			"from": [14, 8, 8],
			"to": [15, 9, 9],
			"faces": {
				"north": {"uv": [1.75, 2, 2, 2.25], "texture": "#1"},
				"east": {"uv": [1.5, 2, 1.75, 2.25], "texture": "#1"},
				"south": {"uv": [2.25, 2, 2.5, 2.25], "texture": "#1"},
				"west": {"uv": [2, 2, 2.25, 2.25], "texture": "#1"},
				"up": {"uv": [2, 2, 1.75, 1.75], "texture": "#1"},
				"down": {"uv": [2.25, 1.75, 2, 2], "texture": "#1"}
			}
		},
		{
			"name": "Arm2",
			"from": [12, 7, 8],
			"to": [14, 8, 9],
			"faces": {
				"north": {"uv": [0.25, 2, 0.75, 2.25], "texture": "#1"},
				"east": {"uv": [0, 2, 0.25, 2.25], "texture": "#1"},
				"south": {"uv": [1, 2, 1.5, 2.25], "texture": "#1"},
				"west": {"uv": [0.75, 2, 1, 2.25], "texture": "#1"},
				"up": {"uv": [0.75, 2, 0.25, 1.75], "texture": "#1"},
				"down": {"uv": [1.25, 1.75, 0.75, 2], "texture": "#1"}
			}
		},
		{
			"name": "cup",
			"from": [5, 7, 11],
			"to": [11, 17, 12],
			"faces": {
				"north": {"uv": [9.25, 3, 10.75, 5.5], "texture": "#1"},
				"east": {"uv": [9, 3, 9.25, 5.5], "texture": "#1"},
				"south": {"uv": [11, 3, 12.5, 5.5], "texture": "#1"},
				"west": {"uv": [10.75, 3, 11, 5.5], "texture": "#1"},
				"up": {"uv": [10.75, 3, 9.25, 2.75], "texture": "#1"},
				"down": {"uv": [12.25, 2.75, 10.75, 3], "texture": "#1"}
			}
		},
		{
			"name": "cup",
			"from": [5, 7, 4],
			"to": [11, 17, 5],
			"faces": {
				"north": {"uv": [7.25, 7.25, 8.75, 9.75], "texture": "#1"},
				"east": {"uv": [7, 7.25, 7.25, 9.75], "texture": "#1"},
				"south": {"uv": [9, 7.25, 10.5, 9.75], "texture": "#1"},
				"west": {"uv": [8.75, 7.25, 9, 9.75], "texture": "#1"},
				"up": {"uv": [8.75, 7.25, 7.25, 7], "texture": "#1"},
				"down": {"uv": [10.25, 7, 8.75, 7.25], "texture": "#1"}
			}
		},
		{
			"name": "cup",
			"from": [11, 7, 5],
			"to": [12, 17, 11],
			"faces": {
				"north": {"uv": [5, 8.5, 5.25, 11], "texture": "#1"},
				"east": {"uv": [3.5, 8.5, 5, 11], "texture": "#1"},
				"south": {"uv": [6.75, 8.5, 7, 11], "texture": "#1"},
				"west": {"uv": [5.25, 8.5, 6.75, 11], "texture": "#1"},
				"up": {"uv": [5.25, 8.5, 5, 7], "texture": "#1"},
				"down": {"uv": [5.5, 7, 5.25, 8.5], "texture": "#1"}
			}
		},
		{
			"name": "cup",
			"from": [4, 7, 5],
			"to": [5, 17, 11],
			"faces": {
				"north": {"uv": [1.5, 8.25, 1.75, 10.75], "texture": "#1"},
				"east": {"uv": [0, 8.25, 1.5, 10.75], "texture": "#1"},
				"south": {"uv": [3.25, 8.25, 3.5, 10.75], "texture": "#1"},
				"west": {"uv": [1.75, 8.25, 3.25, 10.75], "texture": "#1"},
				"up": {"uv": [1.75, 8.25, 1.5, 6.75], "texture": "#1"},
				"down": {"uv": [2, 6.75, 1.75, 8.25], "texture": "#1"}
			}
		},
		{
			"name": "cup",
			"from": [5, 6, 5],
			"to": [11, 7, 11],
			"faces": {
				"north": {"uv": [6, 6.75, 7.5, 7], "texture": "#1"},
				"east": {"uv": [4.5, 6.75, 6, 7], "texture": "#1"},
				"south": {"uv": [9, 6.75, 10.5, 7], "texture": "#1"},
				"west": {"uv": [7.5, 6.75, 9, 7], "texture": "#1"},
				"up": {"uv": [7.5, 6.75, 6, 5.25], "texture": "#1"},
				"down": {"uv": [9, 5.25, 7.5, 6.75], "texture": "#1"}
			}
		},
		{
			"name": "Stand",
			"from": [6, 3, 6],
			"to": [10, 6, 10],
			"faces": {
				"north": {"uv": [8.5, 1, 9.5, 1.75], "texture": "#1"},
				"east": {"uv": [7.5, 1, 8.5, 1.75], "texture": "#1"},
				"south": {"uv": [10.5, 1, 11.5, 1.75], "texture": "#1"},
				"west": {"uv": [9.5, 1, 10.5, 1.75], "texture": "#1"},
				"up": {"uv": [9.5, 1, 8.5, 0], "texture": "#1"},
				"down": {"uv": [10.5, 0, 9.5, 1], "texture": "#1"}
			}
		},
		{
			"name": "Stand",
			"from": [3, 0, 3],
			"to": [13, 1, 13],
			"faces": {
				"north": {"uv": [2.5, 2.5, 5, 2.75], "texture": "#1"},
				"east": {"uv": [0, 2.5, 2.5, 2.75], "texture": "#1"},
				"south": {"uv": [7.5, 2.5, 10, 2.75], "texture": "#1"},
				"west": {"uv": [5, 2.5, 7.5, 2.75], "texture": "#1"},
				"up": {"uv": [5, 2.5, 2.5, 0], "texture": "#1"},
				"down": {"uv": [7.5, 0, 5, 2.5], "texture": "#1"}
			}
		},
		{
			"name": "Stand",
			"from": [4, 1, 4],
			"to": [12, 2, 12],
			"faces": {
				"north": {"uv": [2, 4.75, 4, 5], "texture": "#0"},
				"east": {"uv": [0, 4.75, 2, 5], "texture": "#0"},
				"south": {"uv": [6, 4.75, 8, 5], "texture": "#0"},
				"west": {"uv": [4, 4.75, 6, 5], "texture": "#0"},
				"up": {"uv": [4, 4.75, 2, 2.75], "texture": "#0"},
				"down": {"uv": [6, 2.75, 4, 4.75], "texture": "#0"}
			}
		},
		{
			"name": "Stand",
			"from": [5, 2, 5],
			"to": [11, 3, 11],
			"faces": {
				"north": {"uv": [1.5, 6.5, 3, 6.75], "texture": "#1"},
				"east": {"uv": [0, 6.5, 1.5, 6.75], "texture": "#1"},
				"south": {"uv": [4.5, 6.5, 6, 6.75], "texture": "#1"},
				"west": {"uv": [3, 6.5, 4.5, 6.75], "texture": "#1"},
				"up": {"uv": [3, 6.5, 1.5, 5], "texture": "#1"},
				"down": {"uv": [4.5, 5, 3, 6.5], "texture": "#1"}
			}
		}
	],
	"display": {
		"thirdperson_righthand": {
			"rotation": [-6.74, 4.82, 0],
			"translation": [-6, -15, 2]
		},
		"thirdperson_lefthand": {
			"rotation": [-6.74, 4.82, 0],
			"translation": [-6, -15, 2]
		},
		"firstperson_righthand": {
			"translation": [-9, 0, 0]
		},
		"firstperson_lefthand": {
			"translation": [-9, 0, 0]
		},
		"ground": {
			"translation": [0, 4, 0]
		},
		"gui": {
			"rotation": [20.5, -29, 0]
		},
		"head": {
			"translation": [0, -3.5, 0],
			"scale": [1.30273, 1, 1]
		},
		"fixed": {
			"translation": [0, 0, -4]
		}
	},
	"groups": [
		{
			"name": "Arm1",
			"origin": [0, 0, 0],
			"color": 0,
			"children": [0, 1, 2, 3, 4]
		},
		{
			"name": "Arm2",
			"origin": [0, 0, 0],
			"color": 1,
			"children": [5, 6, 7, 8, 9]
		},
		{
			"name": "cup",
			"origin": [0, 0, 0],
			"color": 2,
			"children": [10, 11, 12, 13, 14]
		},
		{
			"name": "Stand",
			"origin": [0, 0, 0],
			"color": 3,
			"children": [15, 16, 17, 18]
		}
	]
}